transaction_id,customer_id,product_id,product_name,category,quantity,order_date
6550,2434,1032,Storage Shelf,Furniture,1,2024-09-18
7324,2160,1695,Desk Lamp,Home & Kitchen,1,2023-11-27
11952,2898,1962,Rice Cooker,Home & Kitchen,1,2024-03-05
8938,8497,1958,External SSD,Electronics,1,2024-08-31
4238,6295,1880,Kitchen Blender,Home & Kitchen,1,2023-12-05
14235,2727,672,Microphone,Electronics,1,2024-03-17
10944,2936,1,Office Chair,Furniture,1,2024-02-22
11075,2994,827,Smart Watch,Electronics,1,2024-08-14
13842,5953,707,Bath Towels,Home & Kitchen,1,2024-05-20
1126,4825,1461,Gaming Mouse Pad,Accessories,1,2023-11-17
9699,6732,566,Mechanical Keyboard,Electronics,1,2024-02-22
3682,7300,496,4K Monitor,Electronics,1,2024-03-14
8310,7873,204,Desk Mat,Accessories,1,2024-08-09
6084,5627,791,Wireless Earbuds,Electronics,1,2024-08-23
3161,2086,1970,Wireless Mouse,Electronics,1,2024-11-01
57,975,250,Keyboard Wrist Rest,Accessories,1,2024-05-26
10706,5075,164,Toaster Oven,Home & Kitchen,1,2023-11-29
11179,7024,554,Desk Mat,Accessories,1,2024-02-06
9585,941,1516,Mechanical Keyboard,Electronics,1,2024-02-22
7661,5801,904,Desk Mat,Accessories,1,2024-08-20
1860,4276,900,Keyboard Wrist Rest,Accessories,1,2024-09-30
9492,4374,1733,WiFi Router,Electronics,1,2024-09-27
10454,7945,1883,WiFi Router,Electronics,1,2024-07-08
2853,1888,716,Mechanical Keyboard,Electronics,1,2024-03-29
51,3177,1188,Wireless Charger,Electronics,1,2024-05-16
8481,425,1331,Wall Clock,Home & Kitchen,1,2023-12-23
11997,5410,1249,Webcam HD,Electronics,1,2024-04-25
6792,7971,781,Wall Clock,Home & Kitchen,1,2024-05-21
8684,5894,458,External SSD,Electronics,1,2024-07-12
12854,2835,205,Tablet Stand,Accessories,1,2024-06-21
7249,9127,1983,WiFi Router,Electronics,1,2023-12-10
9279,995,1014,Toaster Oven,Home & Kitchen,1,2024-04-26
6558,1399,1319,Laptop Sleeve,Accessories,1,2024-09-04
5292,1259,1378,Cable Organizer,Accessories,1,2024-08-03
7221,6466,1157,Bath Towels,Home & Kitchen,1,2024-10-19
8357,4733,925,Bluetooth Headphones,Electronics,1,2023-11-05
14041,7404,1153,Document Scanner,Electronics,1,2024-05-10
4657,9938,1471,Power Strip,Electronics,1,2024-07-25
100,3089,480,Kitchen Blender,Home & Kitchen,1,2024-01-11
1802,9808,1338,Wireless Charger,Electronics,1,2024-08-31
7789,8797,375,Bluetooth Headphones,Electronics,1,2023-12-03
3325,4478,1920,Wireless Mouse,Electronics,1,2024-09-04
2843,6169,879,Storage Containers,Home & Kitchen,1,2023-12-26
6400,8109,182,Storage Shelf,Furniture,1,2024-03-31
11500,7978,51,Office Chair,Furniture,1,2024-09-15
6897,6618,1104,Desk Mat,Accessories,1,2024-07-12
12382,830,1785,Smartphone Case,Accessories,1,2024-08-29
9976,4348,1528,Cable Organizer,Accessories,1,2024-10-20
1809,7424,173,Bookshelf,Furniture,1,2024-01-07
5957,8681,526,Noise Cancelling Headset,Electronics,1,2023-12-30
8450,3575,550,Keyboard Wrist Rest,Accessories,1,2024-06-18
14945,9522,629,Storage Containers,Home & Kitchen,1,2024-06-14
6813,4759,904,Desk Mat,Accessories,1,2024-09-06
12604,7420,1389,Wireless Presenter,Electronics,1,2024-10-23
1022,7073,813,Phone Grip,Accessories,1,2024-06-07
8662,6109,717,Food Processor,Home & Kitchen,1,2023-12-17
14583,6765,438,Wireless Charger,Electronics,1,2024-01-23
5606,3811,366,Mechanical Keyboard,Electronics,1,2024-06-22
6255,1128,1418,Monitor Stand,Furniture,1,2023-11-29
14711,275,1347,Water Bottle,Home & Kitchen,1,2023-12-26
9825,3495,1479,Storage Containers,Home & Kitchen,1,2024-10-19
10666,7865,1067,Food Processor,Home & Kitchen,1,2024-03-11
14204,5856,1242,Electric Kettle,Home & Kitchen,1,2024-05-01
4433,441,875,Bluetooth Headphones,Electronics,1,2024-08-01
4050,6506,1817,Food Processor,Home & Kitchen,1,2024-02-25
99,7243,202,Coffee Maker,Home & Kitchen,1,2024-07-09
8827,8235,659,Computer Speakers,Electronics,1,2024-10-04
7711,6070,912,Rice Cooker,Home & Kitchen,1,2023-11-29
1036,544,468,Monitor Stand,Furniture,1,2024-07-31
7864,172,995,Desk Lamp,Home & Kitchen,1,2023-11-12
2235,4602,1161,Gaming Mouse Pad,Accessories,1,2024-01-13
12274,2535,463,Phone Grip,Accessories,1,2024-08-18
12288,1688,930,Kitchen Blender,Home & Kitchen,1,2023-12-05
9367,9622,429,Storage Containers,Home & Kitchen,1,2024-03-21
4712,1911,66,Mechanical Keyboard,Electronics,1,2024-03-30
9791,1203,1665,Laptop Stand,Accessories,1,2024-09-10
1424,4552,48,File Cabinet,Furniture,1,2024-03-05
7265,3856,431,Wall Clock,Home & Kitchen,1,2024-10-18
12572,8606,309,Computer Speakers,Electronics,1,2023-12-24
1248,7067,1351,Office Chair,Furniture,1,2023-11-27
8986,7,787,Throw Pillows,Home & Kitchen,1,2024-06-06
9748,2944,1658,External SSD,Electronics,1,2023-11-23
13222,57,1633,WiFi Router,Electronics,1,2024-09-30
11479,9043,632,Storage Shelf,Furniture,1,2024-08-31
1220,5689,527,Smart Watch,Electronics,1,2024-06-17
3619,389,1935,Smartphone Case,Accessories,1,2024-08-19
9813,6341,1050,Keyboard Wrist Rest,Accessories,1,2024-10-18
14800,1624,1183,WiFi Router,Electronics,1,2024-01-02
12770,8537,1085,Smartphone Case,Accessories,1,2024-06-06
11725,7431,498,File Cabinet,Furniture,1,2024-06-07
14675,9075,858,External SSD,Electronics,1,2024-04-20
13133,6805,1025,Bluetooth Headphones,Electronics,1,2024-02-16
358,2000,503,Document Scanner,Electronics,1,2024-05-23
2244,9513,1896,4K Monitor,Electronics,1,2024-05-19
9399,4087,1435,Smartphone Case,Accessories,1,2024-08-12
12581,9122,575,Bluetooth Headphones,Electronics,1,2024-08-24
8097,5140,1261,Gaming Mouse Pad,Accessories,1,2024-10-18
12011,7178,1424,Portable Charger,Accessories,1,2023-12-26
12422,8722,451,Office Chair,Furniture,1,2024-02-04
1504,9952,176,Noise Cancelling Headset,Electronics,1,2024-09-29
12747,7160,847,Water Bottle,Home & Kitchen,1,2024-06-14
8445,9141,1263,Phone Grip,Accessories,1,2023-12-12
2111,5048,1812,Rice Cooker,Home & Kitchen,1,2023-11-10
163,207,136,Standing Desk,Furniture,1,2024-08-16
4385,4432,1028,Cable Organizer,Accessories,1,2024-09-11
2233,1341,1851,Office Chair,Furniture,1,2023-11-19
6485,79,347,Water Bottle,Home & Kitchen,1,2024-08-28
10186,9743,654,Desk Mat,Accessories,1,2023-12-07
3986,9001,783,WiFi Router,Electronics,1,2023-12-10
11881,3860,1753,Document Scanner,Electronics,1,2024-01-25
4822,6904,292,Electric Kettle,Home & Kitchen,1,2024-10-13
399,5370,496,4K Monitor,Electronics,1,2024-08-18
7464,2761,707,Bath Towels,Home & Kitchen,1,2024-05-01
4310,7667,1709,Computer Speakers,Electronics,1,2024-04-24
6345,9492,1104,Desk Mat,Accessories,1,2024-07-19
14853,6870,323,Bookshelf,Furniture,1,2024-05-16
5053,7324,1388,Wireless Charger,Electronics,1,2024-02-26
8658,8904,1239,Wireless Presenter,Electronics,1,2024-01-22
14941,4223,605,Tablet Stand,Accessories,1,2024-01-19
11852,3273,1662,Rice Cooker,Home & Kitchen,1,2024-06-19
6719,295,38,Wireless Charger,Electronics,1,2024-09-01
8836,8402,267,Food Processor,Home & Kitchen,1,2024-03-24
1442,310,809,Computer Speakers,Electronics,1,2024-10-31
110,1052,559,Computer Speakers,Electronics,1,2024-03-26
7440,8138,1665,Laptop Stand,Accessories,1,2024-03-14
10364,6951,688,Wireless Charger,Electronics,1,2024-07-21
805,8036,1786,Standing Desk,Furniture,1,2024-05-15
10816,6084,1997,Water Bottle,Home & Kitchen,1,2024-08-06
12195,2995,1826,Noise Cancelling Headset,Electronics,1,2024-06-20
25,4363,243,Desk Organizer,Accessories,1,2024-06-02
7022,998,566,Mechanical Keyboard,Electronics,1,2024-10-04
11203,9050,1457,Bath Towels,Home & Kitchen,1,2024-04-14
10404,5356,1320,Wireless Mouse,Electronics,1,2024-03-06
12598,4258,120,Wireless Mouse,Electronics,1,2024-08-31
14612,8720,1020,Wireless Mouse,Electronics,1,2024-11-03
8811,1097,383,WiFi Router,Electronics,1,2024-05-27
11165,7748,1023,Bookshelf,Furniture,1,2024-06-12
8843,8400,1435,Smartphone Case,Accessories,1,2024-05-16
13540,9881,453,Document Scanner,Electronics,1,2024-05-17
1519,9821,29,Storage Containers,Home & Kitchen,1,2023-12-05
11963,5470,685,Smartphone Case,Accessories,1,2024-06-01
9297,6251,1367,Food Processor,Home & Kitchen,1,2023-12-19
4795,3559,505,Tablet Stand,Accessories,1,2023-11-19
2743,3906,564,Toaster Oven,Home & Kitchen,1,2024-10-15
758,1922,913,Phone Grip,Accessories,1,2023-11-09
619,1264,863,Phone Grip,Accessories,1,2024-05-17
1895,2672,1818,Monitor Stand,Furniture,1,2024-08-19
1863,5094,65,Laptop Stand,Accessories,1,2024-05-26
1971,5853,679,Storage Containers,Home & Kitchen,1,2024-07-10
14965,2213,990,USB-C Hub,Electronics,1,2023-12-01
13203,5168,414,Toaster Oven,Home & Kitchen,1,2024-10-01
3237,1842,1087,Throw Pillows,Home & Kitchen,1,2024-10-09
4317,6220,995,Desk Lamp,Home & Kitchen,1,2024-04-14
6200,2890,736,Standing Desk,Furniture,1,2024-09-14
2060,6976,1164,Toaster Oven,Home & Kitchen,1,2024-05-12
5192,1300,230,Kitchen Blender,Home & Kitchen,1,2024-03-13
2456,5090,664,Toaster Oven,Home & Kitchen,1,2024-09-28
9613,1373,131,Wall Clock,Home & Kitchen,1,2024-10-14
4936,8686,1022,Microphone,Electronics,1,2024-04-25
9314,9893,997,Water Bottle,Home & Kitchen,1,2024-02-21
3024,8657,730,Kitchen Blender,Home & Kitchen,1,2024-08-07
11719,1146,856,Drawer Unit,Furniture,1,2024-08-30
4994,397,1519,Laptop Sleeve,Accessories,1,2024-07-17
3118,4393,718,Monitor Stand,Furniture,1,2024-05-28
12642,6819,1231,Wall Clock,Home & Kitchen,1,2024-05-19
4403,6152,1356,Drawer Unit,Furniture,1,2024-01-20
11452,5710,611,Gaming Mouse Pad,Accessories,1,2024-04-05
13117,2337,1496,4K Monitor,Electronics,1,2024-03-11
14701,2415,1302,Coffee Maker,Home & Kitchen,1,2024-07-20
4496,1376,1364,Toaster Oven,Home & Kitchen,1,2024-01-06
801,7660,1092,Electric Kettle,Home & Kitchen,1,2024-06-26
12529,4795,594,Screen Protector,Accessories,1,2023-12-20
13304,5944,55,Tablet Stand,Accessories,1,2024-02-07
10920,8778,1465,Laptop Stand,Accessories,1,2024-10-27
14837,3253,1361,Gaming Mouse Pad,Accessories,1,2024-08-20
5482,3546,594,Screen Protector,Accessories,1,2023-11-14
6076,562,529,Storage Containers,Home & Kitchen,1,2024-04-14
12167,8823,1319,Laptop Sleeve,Accessories,1,2024-08-08
8749,1507,1042,Electric Kettle,Home & Kitchen,1,2023-11-14
12848,5591,1407,Bath Towels,Home & Kitchen,1,2023-11-14
6606,8536,963,Phone Grip,Accessories,1,2024-04-15
1341,7769,147,Water Bottle,Home & Kitchen,1,2024-06-05
9355,9995,605,Tablet Stand,Accessories,1,2023-12-24
3934,3940,516,Mechanical Keyboard,Electronics,1,2024-03-11
12220,981,177,Smart Watch,Electronics,1,2024-07-17
5135,6566,89,Wireless Presenter,Electronics,1,2023-11-20
5962,5113,162,Rice Cooker,Home & Kitchen,1,2024-05-28
6520,2911,1811,Gaming Mouse Pad,Accessories,1,2024-04-28
8385,9002,1941,Wireless Earbuds,Electronics,1,2023-11-13
7319,1917,659,Computer Speakers,Electronics,1,2024-09-30
14502,6028,5,Tablet Stand,Accessories,1,2024-03-16
14058,9851,1387,Throw Pillows,Home & Kitchen,1,2024-04-05
10023,5735,652,Coffee Maker,Home & Kitchen,1,2024-10-29
11820,6979,1422,Microphone,Electronics,1,2024-09-20
4599,6552,648,File Cabinet,Furniture,1,2024-07-09
6660,529,1033,WiFi Router,Electronics,1,2024-06-20
5814,623,1024,Portable Charger,Accessories,1,2024-01-25
13995,9198,854,Desk Mat,Accessories,1,2024-04-01
2339,9564,566,Mechanical Keyboard,Electronics,1,2024-03-22
327,2286,1130,Kitchen Blender,Home & Kitchen,1,2024-02-08
3134,1654,832,Storage Shelf,Furniture,1,2024-09-03
2034,1954,434,Air Purifier,Home & Kitchen,1,2024-10-03
7228,3086,589,Wireless Presenter,Electronics,1,2024-01-15
3777,9994,1103,Document Scanner,Electronics,1,2024-09-24
14350,9389,1425,Bluetooth Headphones,Electronics,1,2024-04-03
5177,3480,1182,Storage Shelf,Furniture,1,2024-01-28
7399,5426,1680,Kitchen Blender,Home & Kitchen,1,2024-07-31
2311,3405,364,Toaster Oven,Home & Kitchen,1,2024-09-08
3801,9064,577,Smart Watch,Electronics,1,2024-01-18
3794,1047,1153,Document Scanner,Electronics,1,2024-06-04
2973,9587,383,WiFi Router,Electronics,1,2024-04-05
7615,5829,909,Computer Speakers,Electronics,1,2024-04-30
11586,5367,1980,Kitchen Blender,Home & Kitchen,1,2024-04-12
5848,1312,762,Rice Cooker,Home & Kitchen,1,2024-07-08
1204,7975,1696,4K Monitor,Electronics,1,2024-03-03
10284,1889,1619,Laptop Sleeve,Accessories,1,2024-10-09
10102,4846,1005,Tablet Stand,Accessories,1,2024-10-18
9614,9646,402,Coffee Maker,Home & Kitchen,1,2023-12-28
11784,6858,489,Wireless Presenter,Electronics,1,2024-05-26
7853,8814,1350,Keyboard Wrist Rest,Accessories,1,2024-03-28
11068,2748,120,Wireless Mouse,Electronics,1,2024-03-04
962,8539,470,Wireless Mouse,Electronics,1,2024-07-09
8727,6452,1022,Microphone,Electronics,1,2023-11-30
12243,171,1526,Noise Cancelling Headset,Electronics,1,2023-12-28
8707,7902,1030,Kitchen Blender,Home & Kitchen,1,2024-02-29
10390,2530,737,Throw Pillows,Home & Kitchen,1,2024-09-03
7732,8640,183,WiFi Router,Electronics,1,2023-11-20
12466,625,773,Bookshelf,Furniture,1,2024-08-14
12853,2753,1173,Bookshelf,Furniture,1,2023-11-17
1046,6827,149,Webcam HD,Electronics,1,2024-04-12
11460,9681,302,Coffee Maker,Home & Kitchen,1,2023-12-28
13993,4685,496,4K Monitor,Electronics,1,2023-11-09
401,1226,1097,Water Bottle,Home & Kitchen,1,2024-08-13
6250,6407,631,Wall Clock,Home & Kitchen,1,2024-08-13
12533,4621,797,Water Bottle,Home & Kitchen,1,2024-04-16
14385,2587,1382,Storage Shelf,Furniture,1,2023-11-12
8898,5054,1022,Microphone,Electronics,1,2023-12-09
14755,1386,621,Power Strip,Electronics,1,2024-02-06
3546,6629,254,Desk Mat,Accessories,1,2024-08-01
14238,4800,944,Screen Protector,Accessories,1,2024-06-28
2076,9059,1959,Computer Speakers,Electronics,1,2024-03-13
13783,2604,1999,Webcam HD,Electronics,1,2024-06-03
14096,9420,765,Laptop Stand,Accessories,1,2023-11-26
12609,5858,1678,Cable Organizer,Accessories,1,2024-05-01
1648,4080,1921,Power Strip,Electronics,1,2024-02-15
3217,9197,765,Laptop Stand,Accessories,1,2024-11-01
3796,9484,995,Desk Lamp,Home & Kitchen,1,2024-07-29
2878,9008,125,Bluetooth Headphones,Electronics,1,2024-01-16
4772,4345,1007,Bath Towels,Home & Kitchen,1,2023-11-09
2636,8097,515,Laptop Stand,Accessories,1,2024-09-14
3138,9626,944,Screen Protector,Accessories,1,2023-12-17
5540,4134,1602,Coffee Maker,Home & Kitchen,1,2024-03-08
11682,6878,1979,Storage Containers,Home & Kitchen,1,2024-03-22
196,3484,1377,Smart Watch,Electronics,1,2024-02-18
13610,5615,366,Mechanical Keyboard,Electronics,1,2023-12-24
13368,549,1588,Wireless Charger,Electronics,1,2024-02-01
5270,9530,334,Air Purifier,Home & Kitchen,1,2023-11-17
4968,2784,36,Standing Desk,Furniture,1,2024-02-16
12931,9385,928,Cable Organizer,Accessories,1,2023-12-10
11284,7825,1705,Tablet Stand,Accessories,1,2024-08-19
10978,5917,238,Wireless Charger,Electronics,1,2024-06-22
6530,2298,1680,Kitchen Blender,Home & Kitchen,1,2024-09-05
3441,3565,1017,Food Processor,Home & Kitchen,1,2024-08-31
2509,6453,546,4K Monitor,Electronics,1,2024-09-03
13925,390,281,Wall Clock,Home & Kitchen,1,2024-10-11
12693,9907,1183,WiFi Router,Electronics,1,2023-12-09
775,9243,140,USB-C Hub,Electronics,1,2024-01-27
11067,368,1295,Desk Lamp,Home & Kitchen,1,2024-10-09
4023,4487,420,Wireless Mouse,Electronics,1,2024-06-02
2819,1476,432,Storage Shelf,Furniture,1,2024-05-22
12087,1273,1173,Bookshelf,Furniture,1,2024-03-26
4459,9260,1066,Mechanical Keyboard,Electronics,1,2024-11-02
7489,1428,943,Desk Organizer,Accessories,1,2023-11-06
6230,1193,41,Wireless Earbuds,Electronics,1,2024-03-01
10439,6574,369,Laptop Sleeve,Accessories,1,2023-12-11
8875,6534,1760,Gaming Keyboard,Electronics,1,2024-09-08
7715,4591,498,File Cabinet,Furniture,1,2024-04-19
408,5481,279,Storage Containers,Home & Kitchen,1,2023-12-26
7473,7619,1972,Microphone,Electronics,1,2024-07-08
641,5270,1424,Portable Charger,Accessories,1,2024-10-13
550,376,864,Toaster Oven,Home & Kitchen,1,2023-12-31
13534,5279,121,Power Strip,Electronics,1,2024-01-26
14375,8727,321,Power Strip,Electronics,1,2024-06-09
6020,1029,664,Toaster Oven,Home & Kitchen,1,2023-12-30
4237,2424,1149,Webcam HD,Electronics,1,2023-11-08
608,1021,18,Monitor Stand,Furniture,1,2024-04-13
7024,643,705,Tablet Stand,Accessories,1,2024-05-19
12907,4474,1611,Gaming Mouse Pad,Accessories,1,2023-11-27
14560,6675,90,USB-C Hub,Electronics,1,2024-04-03
12057,3026,1164,Toaster Oven,Home & Kitchen,1,2023-11-23
11833,2878,215,Laptop Stand,Accessories,1,2024-07-09
9730,2362,1642,Electric Kettle,Home & Kitchen,1,2024-04-14
2682,8540,1420,Wireless Mouse,Electronics,1,2024-02-25
5937,2550,1073,Bookshelf,Furniture,1,2024-06-18
12421,6578,129,Storage Containers,Home & Kitchen,1,2023-12-31
648,7533,984,Air Purifier,Home & Kitchen,1,2024-04-12
13064,3970,861,Gaming Mouse Pad,Accessories,1,2023-11-20
5466,3161,6,Drawer Unit,Furniture,1,2024-06-08
9030,6564,563,Phone Grip,Accessories,1,2023-11-23
14582,8414,1916,Mechanical Keyboard,Electronics,1,2023-11-06
9878,4084,114,Toaster Oven,Home & Kitchen,1,2024-04-26
7219,4522,92,Electric Kettle,Home & Kitchen,1,2024-05-09
14060,2822,722,Microphone,Electronics,1,2024-10-22
2245,6132,98,File Cabinet,Furniture,1,2024-08-03
2858,2489,462,Rice Cooker,Home & Kitchen,1,2024-06-18
11046,7630,1215,Laptop Stand,Accessories,1,2024-06-17
4476,9100,1941,Wireless Earbuds,Electronics,1,2023-11-25
11787,4661,1027,Smart Watch,Electronics,1,2024-10-27
8100,7862,704,Desk Mat,Accessories,1,2024-03-06
4957,5013,1593,Desk Organizer,Accessories,1,2024-07-08
2533,947,1149,Webcam HD,Electronics,1,2024-03-10
2422,10,894,Screen Protector,Accessories,1,2024-02-23
1727,4886,1268,Monitor Stand,Furniture,1,2024-03-23
13492,2785,858,External SSD,Electronics,1,2024-01-19
7752,2235,1773,Bookshelf,Furniture,1,2024-04-13
9990,5066,1245,Desk Lamp,Home & Kitchen,1,2024-08-12
11241,6645,1390,USB-C Hub,Electronics,1,2024-07-10
6967,8758,659,Computer Speakers,Electronics,1,2024-08-12
12372,4530,1491,Wireless Earbuds,Electronics,1,2024-08-11
4522,3280,1176,Noise Cancelling Headset,Electronics,1,2024-01-30
4789,8477,1758,External SSD,Electronics,1,2024-01-12
12321,8713,981,Wall Clock,Home & Kitchen,1,2024-07-28
491,7898,1700,Keyboard Wrist Rest,Accessories,1,2024-01-27
3175,523,1796,4K Monitor,Electronics,1,2024-09-16
9088,5476,839,Wireless Presenter,Electronics,1,2024-06-22
9099,9364,112,Rice Cooker,Home & Kitchen,1,2023-11-21
10917,1370,1872,Microphone,Electronics,1,2024-06-05
7372,7428,55,Tablet Stand,Accessories,1,2024-01-15
976,2411,185,Smartphone Case,Accessories,1,2024-05-05
2232,4214,438,Wireless Charger,Electronics,1,2024-02-07
10234,4583,578,Cable Organizer,Accessories,1,2024-01-24
12045,4079,1205,Tablet Stand,Accessories,1,2024-01-25
8177,8327,996,4K Monitor,Electronics,1,2024-03-07
1891,2296,355,Tablet Stand,Accessories,1,2024-06-10
6448,835,916,Mechanical Keyboard,Electronics,1,2024-01-10
9886,7649,314,Toaster Oven,Home & Kitchen,1,2024-09-02
14622,3924,250,Keyboard Wrist Rest,Accessories,1,2023-12-31
9173,5570,1850,Keyboard Wrist Rest,Accessories,1,2023-12-12
6536,914,375,Bluetooth Headphones,Electronics,1,2024-10-17
1992,4431,1796,4K Monitor,Electronics,1,2024-01-28
14775,953,1092,Electric Kettle,Home & Kitchen,1,2024-11-01
9243,5248,901,Office Chair,Furniture,1,2024-02-01
14441,1090,357,Bath Towels,Home & Kitchen,1,2024-07-29
9139,7418,1334,Air Purifier,Home & Kitchen,1,2023-11-14
10215,6991,343,Desk Organizer,Accessories,1,2023-12-23
3970,8810,1368,Monitor Stand,Furniture,1,2024-10-10
12118,1903,1396,4K Monitor,Electronics,1,2024-10-05
3086,2497,1823,Bookshelf,Furniture,1,2024-01-11
9807,6385,1358,External SSD,Electronics,1,2024-05-02
640,9499,146,4K Monitor,Electronics,1,2024-01-20
4299,2236,1472,Microphone,Electronics,1,2024-10-03
14091,7653,758,External SSD,Electronics,1,2024-02-07
12375,4952,392,Electric Kettle,Home & Kitchen,1,2024-05-01
235,8757,1559,Computer Speakers,Electronics,1,2024-04-25
10757,4236,1135,Smartphone Case,Accessories,1,2024-09-04
8937,2430,1211,Gaming Mouse Pad,Accessories,1,2024-01-19
2053,7373,1254,Desk Mat,Accessories,1,2024-08-25
12679,3879,130,Kitchen Blender,Home & Kitchen,1,2023-12-19
8027,1073,1532,Storage Shelf,Furniture,1,2024-09-30
12059,4751,1523,Bookshelf,Furniture,1,2023-11-12
6231,8202,1687,Throw Pillows,Home & Kitchen,1,2024-02-15
9454,3027,904,Desk Mat,Accessories,1,2024-02-29
7171,9460,1026,Noise Cancelling Headset,Electronics,1,2024-05-15
12622,8741,1000,Keyboard Wrist Rest,Accessories,1,2024-06-24
10745,8848,6,Drawer Unit,Furniture,1,2024-03-29
12212,7302,1261,Gaming Mouse Pad,Accessories,1,2024-05-05
1701,168,919,Laptop Sleeve,Accessories,1,2024-10-17
5448,721,1915,Laptop Stand,Accessories,1,2024-04-21
11402,1418,1490,USB-C Hub,Electronics,1,2024-03-16
9780,4287,1464,Toaster Oven,Home & Kitchen,1,2023-12-21
5966,8432,615,Laptop Stand,Accessories,1,2024-05-20
1465,374,754,Desk Mat,Accessories,1,2024-07-05
13764,5866,1309,Computer Speakers,Electronics,1,2024-07-27
4113,8162,928,Cable Organizer,Accessories,1,2024-07-12
1076,3163,321,Power Strip,Electronics,1,2024-09-18
13704,8096,1896,4K Monitor,Electronics,1,2024-03-03
12259,3023,1653,Document Scanner,Electronics,1,2023-11-13
13488,7286,516,Mechanical Keyboard,Electronics,1,2024-10-28
14888,6846,1174,Portable Charger,Accessories,1,2024-03-16
10280,6564,730,Kitchen Blender,Home & Kitchen,1,2024-04-19
3504,9695,1793,Desk Organizer,Accessories,1,2024-09-24
14893,2086,286,Standing Desk,Furniture,1,2024-09-26
3247,2785,774,Portable Charger,Accessories,1,2024-01-10
7648,9561,405,Tablet Stand,Accessories,1,2024-02-19
13974,9078,1150,Keyboard Wrist Rest,Accessories,1,2023-12-19
10848,793,1994,Screen Protector,Accessories,1,2024-02-14
3480,4106,98,File Cabinet,Furniture,1,2024-04-25
11778,8319,1857,Bath Towels,Home & Kitchen,1,2024-09-27
9988,8169,828,Cable Organizer,Accessories,1,2024-08-27
13767,4978,909,Computer Speakers,Electronics,1,2024-05-15
3168,5977,136,Standing Desk,Furniture,1,2024-06-22
8301,7956,907,Bath Towels,Home & Kitchen,1,2024-07-26
5513,3110,1253,Document Scanner,Electronics,1,2024-04-09
9783,591,1219,Laptop Sleeve,Accessories,1,2024-07-06
6077,6838,1957,Bath Towels,Home & Kitchen,1,2024-04-15
3667,4780,1928,Cable Organizer,Accessories,1,2024-08-18
5238,1862,987,Throw Pillows,Home & Kitchen,1,2024-07-14
1127,4910,1655,Tablet Stand,Accessories,1,2024-05-10
14292,7294,427,Smart Watch,Electronics,1,2024-08-31
10081,8912,823,Bookshelf,Furniture,1,2024-07-09
1409,4419,22,Microphone,Electronics,1,2023-12-22
991,9814,318,Monitor Stand,Furniture,1,2024-06-08
8800,658,1240,USB-C Hub,Electronics,1,2023-11-06
4112,6255,48,File Cabinet,Furniture,1,2024-06-18
5054,398,1068,Monitor Stand,Furniture,1,2024-11-01
7141,2116,520,Wireless Mouse,Electronics,1,2024-07-30
6240,7507,458,External SSD,Electronics,1,2024-04-11
73,4202,499,Webcam HD,Electronics,1,2024-08-29
7019,2945,1353,Document Scanner,Electronics,1,2024-01-21
39,2981,1171,Power Strip,Electronics,1,2024-06-24
7301,4261,1113,Phone Grip,Accessories,1,2023-12-24
5868,4906,1915,Laptop Stand,Accessories,1,2024-10-11
1686,4509,498,File Cabinet,Furniture,1,2023-12-15
2041,8738,1096,4K Monitor,Electronics,1,2023-11-18
7449,7880,143,Desk Organizer,Accessories,1,2023-12-01
7373,6408,1148,File Cabinet,Furniture,1,2023-11-15
2398,1082,571,Power Strip,Electronics,1,2024-04-09
6002,8946,1370,Wireless Mouse,Electronics,1,2024-08-29
814,6766,1238,Wireless Charger,Electronics,1,2024-05-11
10990,5661,396,4K Monitor,Electronics,1,2024-06-03
9179,8822,726,Noise Cancelling Headset,Electronics,1,2024-08-02
13881,5828,1284,Air Purifier,Home & Kitchen,1,2024-04-23
47,8932,1537,Throw Pillows,Home & Kitchen,1,2023-12-28
14412,2202,1656,Drawer Unit,Furniture,1,2023-12-08
11071,6349,1082,Storage Shelf,Furniture,1,2024-07-11
1684,8760,1097,Water Bottle,Home & Kitchen,1,2024-08-28
14528,9084,220,Wireless Mouse,Electronics,1,2024-10-25
3355,4227,593,Desk Organizer,Accessories,1,2024-10-17
11170,6682,644,Screen Protector,Accessories,1,2023-12-10
5915,6696,1282,Storage Shelf,Furniture,1,2024-01-21
275,4137,346,4K Monitor,Electronics,1,2024-01-17
11960,4667,1239,Wireless Presenter,Electronics,1,2024-10-18
6205,6421,659,Computer Speakers,Electronics,1,2024-03-21
14804,5326,1124,Portable Charger,Accessories,1,2024-08-01
8,5651,1525,Bluetooth Headphones,Electronics,1,2023-11-12
8386,4777,1455,Tablet Stand,Accessories,1,2024-08-04
11955,2178,1055,Tablet Stand,Accessories,1,2024-05-04
8883,9148,358,External SSD,Electronics,1,2024-01-28
10438,3652,680,Kitchen Blender,Home & Kitchen,1,2024-02-24
547,3214,1232,Storage Shelf,Furniture,1,2024-01-20
7619,8161,189,Wireless Presenter,Electronics,1,2024-04-11
500,8341,392,Electric Kettle,Home & Kitchen,1,2024-08-17
3594,1031,1873,Bookshelf,Furniture,1,2024-02-13
9181,3772,1682,Storage Shelf,Furniture,1,2023-12-02
7198,7070,749,Webcam HD,Electronics,1,2024-02-11
13887,3124,207,Bath Towels,Home & Kitchen,1,2024-07-19
7023,2768,1906,Drawer Unit,Furniture,1,2024-09-06
5660,1133,1355,Tablet Stand,Accessories,1,2024-06-29
10720,6665,1490,USB-C Hub,Electronics,1,2024-03-10
13674,1169,1211,Gaming Mouse Pad,Accessories,1,2024-02-16
4014,9836,84,Air Purifier,Home & Kitchen,1,2024-08-18
7374,8478,186,Standing Desk,Furniture,1,2023-12-13
4188,1137,1826,Noise Cancelling Headset,Electronics,1,2023-11-19
7258,3745,432,Storage Shelf,Furniture,1,2024-10-13
2536,1110,1796,4K Monitor,Electronics,1,2023-12-01
14687,7862,1484,Air Purifier,Home & Kitchen,1,2023-12-31
14319,4342,1324,Portable Charger,Accessories,1,2024-10-04
14267,1122,1790,USB-C Hub,Electronics,1,2024-04-20
6751,8443,1898,File Cabinet,Furniture,1,2024-04-28
12054,3361,1450,Keyboard Wrist Rest,Accessories,1,2023-12-29
3404,407,1437,Throw Pillows,Home & Kitchen,1,2024-02-25
9465,5678,1659,Computer Speakers,Electronics,1,2024-10-10
3029,7284,612,Rice Cooker,Home & Kitchen,1,2024-07-19
5129,2780,468,Monitor Stand,Furniture,1,2024-07-12
798,3293,852,Coffee Maker,Home & Kitchen,1,2024-10-08
6325,9048,886,Standing Desk,Furniture,1,2024-01-02
2074,5566,847,Water Bottle,Home & Kitchen,1,2024-03-17
13526,6604,522,Microphone,Electronics,1,2024-09-20
13160,9216,1077,Smart Watch,Electronics,1,2024-10-25
8273,7697,1793,Desk Organizer,Accessories,1,2024-05-24
5226,5699,1637,Throw Pillows,Home & Kitchen,1,2024-04-12
8478,3370,1232,Storage Shelf,Furniture,1,2024-04-18
10182,7815,601,Office Chair,Furniture,1,2024-04-14
14427,1404,125,Bluetooth Headphones,Electronics,1,2024-02-06
1732,7985,1893,Desk Organizer,Accessories,1,2023-12-14
6497,191,1219,Laptop Sleeve,Accessories,1,2024-08-16
6168,794,1306,Drawer Unit,Furniture,1,2024-04-16
1595,1847,951,Office Chair,Furniture,1,2024-10-31
1660,6503,1718,Monitor Stand,Furniture,1,2024-02-04
6204,676,294,Screen Protector,Accessories,1,2024-04-07
2857,3518,1359,Computer Speakers,Electronics,1,2024-08-14
195,6236,1809,Computer Speakers,Electronics,1,2024-03-14
2418,3234,1732,Storage Shelf,Furniture,1,2024-02-17
9773,2601,764,Toaster Oven,Home & Kitchen,1,2024-10-29
5083,6701,330,Kitchen Blender,Home & Kitchen,1,2024-08-14
9705,9433,1780,Kitchen Blender,Home & Kitchen,1,2024-03-06
7605,4840,555,Tablet Stand,Accessories,1,2024-10-24
10406,8839,302,Coffee Maker,Home & Kitchen,1,2024-09-13
2942,415,1367,Food Processor,Home & Kitchen,1,2023-12-23
6232,5133,1270,Wireless Mouse,Electronics,1,2024-04-30
6595,4934,718,Monitor Stand,Furniture,1,2024-08-07
6486,99,426,Noise Cancelling Headset,Electronics,1,2024-04-13
12462,5891,1792,Electric Kettle,Home & Kitchen,1,2024-05-18
10029,5264,495,Desk Lamp,Home & Kitchen,1,2024-09-08
10205,6102,1634,Air Purifier,Home & Kitchen,1,2024-04-19
9312,7082,589,Wireless Presenter,Electronics,1,2024-05-04
7815,6653,1826,Noise Cancelling Headset,Electronics,1,2024-01-17
9342,6809,1142,Electric Kettle,Home & Kitchen,1,2023-12-01
13237,4231,1148,File Cabinet,Furniture,1,2024-06-09
8880,1390,506,Drawer Unit,Furniture,1,2024-10-10
1019,3469,1021,Power Strip,Electronics,1,2024-03-25
7299,8639,450,Keyboard Wrist Rest,Accessories,1,2023-12-02
1520,5411,1877,Smart Watch,Electronics,1,2024-05-20
246,6824,1999,Webcam HD,Electronics,1,2024-07-25
5189,2220,1842,Electric Kettle,Home & Kitchen,1,2024-05-24
11257,7465,817,Food Processor,Home & Kitchen,1,2024-07-28
14187,9903,1752,Coffee Maker,Home & Kitchen,1,2024-09-01
5854,1356,457,Bath Towels,Home & Kitchen,1,2024-09-12
5029,4197,1740,USB-C Hub,Electronics,1,2023-11-23
8809,9783,703,Document Scanner,Electronics,1,2023-12-15
2410,4470,662,Rice Cooker,Home & Kitchen,1,2024-06-15
8656,8779,904,Desk Mat,Accessories,1,2024-01-04
414,7038,1111,Gaming Mouse Pad,Accessories,1,2024-07-05
11589,4046,1248,File Cabinet,Furniture,1,2024-10-01
483,3240,471,Power Strip,Electronics,1,2024-08-11
8627,3056,1926,Noise Cancelling Headset,Electronics,1,2024-01-13
2698,4148,867,Food Processor,Home & Kitchen,1,2024-07-30
1417,1161,653,Document Scanner,Electronics,1,2024-07-25
3529,2268,728,Cable Organizer,Accessories,1,2024-07-29
10217,6815,1466,Mechanical Keyboard,Electronics,1,2024-05-11
1401,2836,298,File Cabinet,Furniture,1,2024-06-01
4122,876,1042,Electric Kettle,Home & Kitchen,1,2024-10-12
14780,4330,811,Gaming Mouse Pad,Accessories,1,2024-07-26
14491,4032,1182,Storage Shelf,Furniture,1,2024-05-15
9960,697,1737,Throw Pillows,Home & Kitchen,1,2024-08-01
13030,1317,269,Laptop Sleeve,Accessories,1,2024-07-24
14323,7813,897,Water Bottle,Home & Kitchen,1,2024-09-28
932,1763,1235,Smartphone Case,Accessories,1,2024-01-01
8458,7890,702,Coffee Maker,Home & Kitchen,1,2024-04-22
8344,5101,824,Portable Charger,Accessories,1,2024-07-11
7823,9261,23,Bookshelf,Furniture,1,2024-03-09
8393,2820,1909,Computer Speakers,Electronics,1,2024-08-03
7983,8850,545,Desk Lamp,Home & Kitchen,1,2023-11-25
7984,4105,132,Storage Shelf,Furniture,1,2024-02-04
3478,1104,1941,Wireless Earbuds,Electronics,1,2024-02-02
3485,1540,1692,Electric Kettle,Home & Kitchen,1,2024-05-29
2620,4031,862,Rice Cooker,Home & Kitchen,1,2024-03-06
1683,8043,1842,Electric Kettle,Home & Kitchen,1,2024-08-11
5093,3435,1181,Wall Clock,Home & Kitchen,1,2024-04-09
404,8556,790,USB-C Hub,Electronics,1,2024-03-17
12452,9727,329,Storage Containers,Home & Kitchen,1,2023-12-08
3717,3362,1358,External SSD,Electronics,1,2023-11-28
10250,5435,51,Office Chair,Furniture,1,2024-11-02
4970,4970,282,Storage Shelf,Furniture,1,2024-04-22
4581,4342,1990,USB-C Hub,Electronics,1,2024-05-19
1286,8080,139,Wireless Presenter,Electronics,1,2024-10-12
1529,9899,1532,Storage Shelf,Furniture,1,2023-12-27
8635,2969,886,Standing Desk,Furniture,1,2024-08-30
13791,9188,1311,Gaming Mouse Pad,Accessories,1,2024-10-31
3985,9600,483,WiFi Router,Electronics,1,2024-09-12
4915,3230,487,Throw Pillows,Home & Kitchen,1,2024-05-11
10082,6140,1932,Storage Shelf,Furniture,1,2024-03-21
8322,5039,461,Gaming Mouse Pad,Accessories,1,2024-08-22
7323,9967,325,Bluetooth Headphones,Electronics,1,2024-01-24
11435,2486,1692,Electric Kettle,Home & Kitchen,1,2024-03-31
4762,4743,850,Keyboard Wrist Rest,Accessories,1,2024-05-26
13814,9232,603,Document Scanner,Electronics,1,2024-09-10
9180,4499,405,Tablet Stand,Accessories,1,2024-03-26
606,9309,1725,Bluetooth Headphones,Electronics,1,2024-06-07
6642,1087,1438,Wireless Charger,Electronics,1,2024-02-15
5747,3818,342,Electric Kettle,Home & Kitchen,1,2024-08-15
4856,4590,1189,Wireless Presenter,Electronics,1,2024-09-08
2121,27,1082,Storage Shelf,Furniture,1,2024-08-18
3256,9409,265,Laptop Stand,Accessories,1,2024-02-21
2800,2717,1851,Office Chair,Furniture,1,2023-12-10
4776,3805,405,Tablet Stand,Accessories,1,2024-09-14
1410,6787,670,Wireless Mouse,Electronics,1,2024-01-03
1657,578,1101,Office Chair,Furniture,1,2023-12-01
4544,5702,1519,Laptop Sleeve,Accessories,1,2024-10-04
329,6768,1561,Gaming Mouse Pad,Accessories,1,2024-06-11
9541,4549,879,Storage Containers,Home & Kitchen,1,2024-05-23
8485,6287,517,Food Processor,Home & Kitchen,1,2024-08-06
9692,4879,1230,Kitchen Blender,Home & Kitchen,1,2024-02-15
2573,7210,405,Tablet Stand,Accessories,1,2024-10-14
255,6305,1372,Microphone,Electronics,1,2024-09-19
5927,3691,328,Cable Organizer,Accessories,1,2024-08-04
6816,7400,115,Laptop Stand,Accessories,1,2024-01-19
12666,5653,299,Webcam HD,Electronics,1,2024-02-18
544,7914,1607,Bath Towels,Home & Kitchen,1,2024-04-18
3150,8027,1540,USB-C Hub,Electronics,1,2023-12-04
12277,7591,754,Desk Mat,Accessories,1,2024-10-04
7180,2957,1033,WiFi Router,Electronics,1,2023-12-11
14526,51,1015,Laptop Stand,Accessories,1,2024-04-06
912,5093,1085,Smartphone Case,Accessories,1,2024-07-03
8495,9432,26,Noise Cancelling Headset,Electronics,1,2024-10-30
12772,7816,275,Bluetooth Headphones,Electronics,1,2024-05-31
11329,2053,1532,Storage Shelf,Furniture,1,2024-04-03
9267,44,1525,Bluetooth Headphones,Electronics,1,2024-08-21
10435,3259,981,Wall Clock,Home & Kitchen,1,2024-03-05
8054,9773,861,Gaming Mouse Pad,Accessories,1,2024-08-09
11759,1350,318,Monitor Stand,Furniture,1,2024-02-03
12448,7939,540,USB-C Hub,Electronics,1,2024-02-29
10263,2488,1942,Electric Kettle,Home & Kitchen,1,2024-10-25
605,5859,1040,USB-C Hub,Electronics,1,2024-04-29
5592,951,312,Rice Cooker,Home & Kitchen,1,2023-12-22
7540,1292,872,Microphone,Electronics,1,2024-09-29
6371,1532,1946,4K Monitor,Electronics,1,2024-08-25
5344,3879,636,Standing Desk,Furniture,1,2024-05-21
10345,3446,329,Storage Containers,Home & Kitchen,1,2024-05-23
3725,8613,336,Standing Desk,Furniture,1,2024-10-09
11093,964,1412,Rice Cooker,Home & Kitchen,1,2024-09-04
5035,9621,107,Bath Towels,Home & Kitchen,1,2024-05-01
4829,6456,1368,Monitor Stand,Furniture,1,2024-01-03
121,4774,49,Webcam HD,Electronics,1,2023-11-07
10372,6852,226,Noise Cancelling Headset,Electronics,1,2024-03-01
9853,7015,733,WiFi Router,Electronics,1,2024-06-23
7790,2122,902,Coffee Maker,Home & Kitchen,1,2024-01-12
857,2104,621,Power Strip,Electronics,1,2023-12-08
7895,2928,1278,Cable Organizer,Accessories,1,2024-07-23
3907,3042,947,Water Bottle,Home & Kitchen,1,2024-04-30
3453,5723,68,Monitor Stand,Furniture,1,2024-02-08
14704,9310,892,Electric Kettle,Home & Kitchen,1,2024-05-03
5133,7310,1135,Smartphone Case,Accessories,1,2024-02-24
4420,6044,1282,Storage Shelf,Furniture,1,2024-05-06
9516,8267,1722,Microphone,Electronics,1,2024-05-15
5622,7527,805,Tablet Stand,Accessories,1,2024-02-03
12141,9036,1796,4K Monitor,Electronics,1,2024-04-25
8999,3959,777,Smart Watch,Electronics,1,2024-02-26
13721,4511,1326,Noise Cancelling Headset,Electronics,1,2024-10-29
13107,1658,1090,USB-C Hub,Electronics,1,2024-10-27
7839,4551,1908,External SSD,Electronics,1,2023-12-24
4987,423,476,Noise Cancelling Headset,Electronics,1,2024-02-23
11916,8671,1196,4K Monitor,Electronics,1,2024-02-25
12811,4587,1298,File Cabinet,Furniture,1,2024-01-05
8320,5487,1181,Wall Clock,Home & Kitchen,1,2024-07-04
784,9073,1231,Wall Clock,Home & Kitchen,1,2023-12-22
7014,1899,1899,Webcam HD,Electronics,1,2024-04-09
7320,1618,48,File Cabinet,Furniture,1,2024-06-10
6053,6979,1267,Food Processor,Home & Kitchen,1,2023-12-03
11403,6774,1359,Computer Speakers,Electronics,1,2024-02-20
11821,4185,127,Smart Watch,Electronics,1,2024-05-04
4469,6845,183,WiFi Router,Electronics,1,2024-01-11
6492,2087,283,WiFi Router,Electronics,1,2024-01-03
738,6237,849,Webcam HD,Electronics,1,2024-08-28
4145,2483,1665,Laptop Stand,Accessories,1,2024-09-28
13398,5568,1698,File Cabinet,Furniture,1,2023-12-22
13155,6272,1014,Toaster Oven,Home & Kitchen,1,2024-06-22
10687,2500,1007,Bath Towels,Home & Kitchen,1,2024-03-12
9070,9619,493,Desk Organizer,Accessories,1,2024-06-05
11378,64,640,USB-C Hub,Electronics,1,2024-08-20
13308,2745,1380,Kitchen Blender,Home & Kitchen,1,2024-07-13
6374,9964,533,WiFi Router,Electronics,1,2024-08-23
5257,139,1970,Wireless Mouse,Electronics,1,2024-02-22
6812,3268,22,Microphone,Electronics,1,2023-12-30
9582,57,1444,Screen Protector,Accessories,1,2024-02-23
833,5302,1587,Throw Pillows,Home & Kitchen,1,2024-07-01
3036,4086,1291,Wireless Earbuds,Electronics,1,2024-08-05
8660,3427,1062,Rice Cooker,Home & Kitchen,1,2024-07-11
9536,6247,1281,Wall Clock,Home & Kitchen,1,2024-08-14
4534,3633,495,Desk Lamp,Home & Kitchen,1,2024-07-15
50,6894,214,Toaster Oven,Home & Kitchen,1,2024-07-21
8142,7671,534,Air Purifier,Home & Kitchen,1,2024-02-12
13282,3167,1294,Screen Protector,Accessories,1,2024-01-04
2085,2167,1133,WiFi Router,Electronics,1,2024-09-07
3632,3387,1274,Portable Charger,Accessories,1,2024-06-01
6616,8594,684,Air Purifier,Home & Kitchen,1,2023-11-10
5723,5318,1261,Gaming Mouse Pad,Accessories,1,2024-07-08
4510,3321,230,Kitchen Blender,Home & Kitchen,1,2023-12-25
14833,911,1785,Smartphone Case,Accessories,1,2024-03-28
2462,3943,684,Air Purifier,Home & Kitchen,1,2024-08-19
278,2534,1035,Smartphone Case,Accessories,1,2024-06-17
13043,1290,1559,Computer Speakers,Electronics,1,2024-04-28
2417,4589,1573,Bookshelf,Furniture,1,2024-06-17
13724,6469,1343,Desk Organizer,Accessories,1,2024-09-03
9091,2295,1464,Toaster Oven,Home & Kitchen,1,2024-10-20
3282,1470,1740,USB-C Hub,Electronics,1,2023-11-17
9387,1561,508,External SSD,Electronics,1,2024-10-20
8421,5547,1378,Cable Organizer,Accessories,1,2024-09-06
2601,2712,80,Kitchen Blender,Home & Kitchen,1,2024-10-02
13369,5926,1617,Food Processor,Home & Kitchen,1,2024-04-06
6511,3898,44,Screen Protector,Accessories,1,2024-09-04
4412,966,800,Keyboard Wrist Rest,Accessories,1,2024-08-17
3729,3595,1477,Smart Watch,Electronics,1,2023-11-17
5642,6549,840,USB-C Hub,Electronics,1,2024-11-02
151,6582,880,Kitchen Blender,Home & Kitchen,1,2024-10-02
3699,5415,1696,4K Monitor,Electronics,1,2023-12-30
7604,1365,759,Computer Speakers,Electronics,1,2024-05-09
10148,9044,1283,WiFi Router,Electronics,1,2024-04-12
2693,2325,73,Bookshelf,Furniture,1,2024-06-17
2192,5451,1418,Monitor Stand,Furniture,1,2024-08-28
3172,3126,1353,Document Scanner,Electronics,1,2024-06-13
13113,3960,1798,File Cabinet,Furniture,1,2024-02-23
6103,3318,483,WiFi Router,Electronics,1,2024-03-28
4155,4729,618,Monitor Stand,Furniture,1,2024-01-21
7202,4950,103,Document Scanner,Electronics,1,2024-01-20
13443,5207,185,Smartphone Case,Accessories,1,2024-02-15
13589,1011,242,Electric Kettle,Home & Kitchen,1,2024-01-08
7906,3872,48,File Cabinet,Furniture,1,2024-07-17
5713,4939,989,Wireless Presenter,Electronics,1,2024-05-31
8010,1342,862,Rice Cooker,Home & Kitchen,1,2024-09-01
7416,9332,1398,File Cabinet,Furniture,1,2024-07-31
14198,2215,354,Desk Mat,Accessories,1,2024-10-25
9104,6141,1320,Wireless Mouse,Electronics,1,2024-04-17
13307,3610,1032,Storage Shelf,Furniture,1,2023-11-05
9047,772,950,Keyboard Wrist Rest,Accessories,1,2024-02-17
10222,2926,1196,4K Monitor,Electronics,1,2024-01-07
5500,6383,1980,Kitchen Blender,Home & Kitchen,1,2024-05-04
8500,8968,815,Laptop Stand,Accessories,1,2024-01-27
6322,4118,476,Noise Cancelling Headset,Electronics,1,2023-12-21
12140,9241,357,Bath Towels,Home & Kitchen,1,2024-06-30
975,5812,1946,4K Monitor,Electronics,1,2024-10-08
2094,1598,1515,Laptop Stand,Accessories,1,2024-03-28
3259,278,1940,USB-C Hub,Electronics,1,2024-01-20
13717,5055,299,Webcam HD,Electronics,1,2023-12-20
10011,2613,1458,External SSD,Electronics,1,2024-09-04
5931,4232,1087,Throw Pillows,Home & Kitchen,1,2024-01-25
3762,8031,740,USB-C Hub,Electronics,1,2024-02-29
9385,5497,1106,Drawer Unit,Furniture,1,2024-04-06
13314,2286,584,Air Purifier,Home & Kitchen,1,2024-03-07
1196,8547,1836,Standing Desk,Furniture,1,2024-11-01
10772,7053,1591,Wireless Earbuds,Electronics,1,2024-07-14
11465,9049,697,Water Bottle,Home & Kitchen,1,2024-06-22
2309,557,1632,Storage Shelf,Furniture,1,2024-07-26
8427,9688,465,Laptop Stand,Accessories,1,2024-09-02
10910,6690,1970,Wireless Mouse,Electronics,1,2023-12-18
2953,6657,1659,Computer Speakers,Electronics,1,2024-02-01
3077,3748,844,Screen Protector,Accessories,1,2024-11-02
12690,1933,31,Wall Clock,Home & Kitchen,1,2024-02-24
2072,2640,424,Portable Charger,Accessories,1,2024-02-15
4342,9536,1788,Wireless Charger,Electronics,1,2024-02-14
3013,5630,96,4K Monitor,Electronics,1,2024-02-24
2429,6556,551,Office Chair,Furniture,1,2024-02-01
13872,4430,466,Mechanical Keyboard,Electronics,1,2024-05-25
3053,346,1854,Desk Mat,Accessories,1,2024-03-19
3859,2399,275,Bluetooth Headphones,Electronics,1,2024-10-22
9892,8220,689,Wireless Presenter,Electronics,1,2024-03-16
2270,3702,538,Wireless Charger,Electronics,1,2023-11-06
7809,9424,1466,Mechanical Keyboard,Electronics,1,2024-01-17
12152,4092,953,Document Scanner,Electronics,1,2024-03-31
6963,534,287,Throw Pillows,Home & Kitchen,1,2024-10-22
13632,4113,1336,Standing Desk,Furniture,1,2024-01-15
8918,2947,1807,Bath Towels,Home & Kitchen,1,2024-07-24
5123,6384,154,Desk Mat,Accessories,1,2024-02-20
2940,9936,508,External SSD,Electronics,1,2024-05-23
6228,9717,923,Bookshelf,Furniture,1,2024-10-14
13624,5725,972,Microphone,Electronics,1,2024-05-29
13403,1353,1353,Document Scanner,Electronics,1,2024-05-15
5017,3892,927,Smart Watch,Electronics,1,2024-07-29
10827,9276,1177,Smart Watch,Electronics,1,2023-11-08
5646,8995,1223,Bookshelf,Furniture,1,2023-11-10
9149,216,1324,Portable Charger,Accessories,1,2024-07-13
12082,2853,87,Throw Pillows,Home & Kitchen,1,2024-05-13
13690,1445,1051,Office Chair,Furniture,1,2023-11-23
5614,8268,260,Gaming Keyboard,Electronics,1,2024-10-31
12682,5676,754,Desk Mat,Accessories,1,2024-01-23
7737,3088,1946,4K Monitor,Electronics,1,2024-04-15
11956,8946,343,Desk Organizer,Accessories,1,2024-08-31
3635,5076,784,Air Purifier,Home & Kitchen,1,2024-07-21
13466,9927,820,Wireless Mouse,Electronics,1,2024-09-09
7458,6513,823,Bookshelf,Furniture,1,2024-10-03
4866,8603,1195,Desk Lamp,Home & Kitchen,1,2023-12-09
6431,2345,160,Gaming Keyboard,Electronics,1,2024-02-17
8769,6001,1651,Office Chair,Furniture,1,2024-01-03
1505,696,147,Water Bottle,Home & Kitchen,1,2023-12-22
13514,9150,1295,Desk Lamp,Home & Kitchen,1,2024-01-25
2943,113,41,Wireless Earbuds,Electronics,1,2024-04-28
6582,1116,618,Monitor Stand,Furniture,1,2024-08-09
7584,9021,569,Laptop Sleeve,Accessories,1,2024-06-18
13647,8150,1419,Laptop Sleeve,Accessories,1,2024-06-08
9206,6294,1484,Air Purifier,Home & Kitchen,1,2024-09-15
12962,1619,780,Kitchen Blender,Home & Kitchen,1,2024-05-18
3805,6547,1400,Keyboard Wrist Rest,Accessories,1,2023-12-19
5372,7069,1921,Power Strip,Electronics,1,2024-11-02
5352,9076,51,Office Chair,Furniture,1,2024-06-09
3996,4326,140,USB-C Hub,Electronics,1,2024-01-18
142,6463,1402,Coffee Maker,Home & Kitchen,1,2024-09-14
6617,4601,1660,Gaming Keyboard,Electronics,1,2024-03-11
2351,8094,896,4K Monitor,Electronics,1,2024-09-10
11422,4356,1152,Coffee Maker,Home & Kitchen,1,2024-02-20
348,9942,1293,Desk Organizer,Accessories,1,2024-02-23
4246,7173,966,Mechanical Keyboard,Electronics,1,2024-08-08
2441,4587,132,Storage Shelf,Furniture,1,2024-10-02
306,5254,1283,WiFi Router,Electronics,1,2024-01-23
3950,3424,1459,Computer Speakers,Electronics,1,2024-09-10
13207,7291,1671,Power Strip,Electronics,1,2024-08-25
40,5369,748,File Cabinet,Furniture,1,2024-08-20
2334,2003,865,Laptop Stand,Accessories,1,2024-10-18
10965,2786,1725,Bluetooth Headphones,Electronics,1,2024-10-28
12174,5458,573,Bookshelf,Furniture,1,2024-06-07
8193,3960,981,Wall Clock,Home & Kitchen,1,2024-09-20
5595,80,1996,4K Monitor,Electronics,1,2024-09-04
1606,2669,1323,Bookshelf,Furniture,1,2024-09-20
6018,8693,302,Coffee Maker,Home & Kitchen,1,2024-06-14
752,837,1445,Desk Lamp,Home & Kitchen,1,2024-06-30
10172,5004,1437,Throw Pillows,Home & Kitchen,1,2024-07-20
580,5148,799,Webcam HD,Electronics,1,2024-03-07
7862,6288,1351,Office Chair,Furniture,1,2024-05-11
11623,2565,477,Smart Watch,Electronics,1,2024-05-13
4735,3607,1316,Mechanical Keyboard,Electronics,1,2024-08-13
9867,6697,966,Mechanical Keyboard,Electronics,1,2024-07-20
6526,3067,1354,Desk Mat,Accessories,1,2024-08-20
2411,1335,1960,Gaming Keyboard,Electronics,1,2024-05-13
7417,7172,1064,Toaster Oven,Home & Kitchen,1,2024-04-15
3692,8666,163,Phone Grip,Accessories,1,2024-08-26
509,7911,1111,Gaming Mouse Pad,Accessories,1,2024-04-04
14294,2068,1143,Desk Organizer,Accessories,1,2024-05-18
11704,5558,1337,Throw Pillows,Home & Kitchen,1,2024-02-24
8196,1619,1571,Power Strip,Electronics,1,2024-08-17
12958,6791,1197,Water Bottle,Home & Kitchen,1,2024-07-07
9186,930,1257,Bath Towels,Home & Kitchen,1,2024-10-06
5312,2876,1844,Screen Protector,Accessories,1,2024-06-23
4024,9109,1277,Smart Watch,Electronics,1,2024-04-15
11190,2870,1848,File Cabinet,Furniture,1,2023-12-01
11697,1493,1346,4K Monitor,Electronics,1,2024-05-24
3659,8291,1444,Screen Protector,Accessories,1,2024-02-25
13760,7256,176,Noise Cancelling Headset,Electronics,1,2024-06-03
14561,1279,706,Drawer Unit,Furniture,1,2024-03-22
4224,8209,1233,WiFi Router,Electronics,1,2024-07-24
11762,598,182,Storage Shelf,Furniture,1,2024-05-17
307,8538,508,External SSD,Electronics,1,2024-09-09
6370,3878,1836,Standing Desk,Furniture,1,2024-08-06
5222,25,1879,Storage Containers,Home & Kitchen,1,2024-09-18
11238,1855,552,Coffee Maker,Home & Kitchen,1,2024-02-29
9957,2564,375,Bluetooth Headphones,Electronics,1,2024-03-30
6131,6357,1137,Throw Pillows,Home & Kitchen,1,2024-08-26
13553,3815,857,Bath Towels,Home & Kitchen,1,2024-03-17
1236,3378,524,Portable Charger,Accessories,1,2024-07-09
12049,4509,1063,Phone Grip,Accessories,1,2024-01-02
12498,9177,181,Wall Clock,Home & Kitchen,1,2024-05-27
230,1866,724,Portable Charger,Accessories,1,2024-02-06
4764,4737,930,Kitchen Blender,Home & Kitchen,1,2023-12-20
2909,1169,853,Document Scanner,Electronics,1,2024-08-11
154,9086,966,Mechanical Keyboard,Electronics,1,2024-07-08
7784,9039,1477,Smart Watch,Electronics,1,2024-09-23
10473,3903,838,Wireless Charger,Electronics,1,2024-05-06
9978,4618,677,Smart Watch,Electronics,1,2024-08-21
10415,7708,684,Air Purifier,Home & Kitchen,1,2023-11-13
10936,5303,1027,Smart Watch,Electronics,1,2024-09-30
4919,7997,602,Coffee Maker,Home & Kitchen,1,2024-01-01
9739,4556,1202,Coffee Maker,Home & Kitchen,1,2024-06-10
9980,2169,473,Bookshelf,Furniture,1,2024-05-23
3994,5959,1667,Food Processor,Home & Kitchen,1,2023-11-07
14410,9124,1159,Computer Speakers,Electronics,1,2024-08-25
12658,8836,637,Throw Pillows,Home & Kitchen,1,2024-03-27
5663,6458,857,Bath Towels,Home & Kitchen,1,2024-05-22
1869,9702,653,Document Scanner,Electronics,1,2024-06-18
7644,4609,213,Phone Grip,Accessories,1,2024-09-16
2864,9161,51,Office Chair,Furniture,1,2024-03-17
11030,9651,1742,Electric Kettle,Home & Kitchen,1,2024-02-15
9371,7571,558,External SSD,Electronics,1,2024-07-08
7,2107,1359,Computer Speakers,Electronics,1,2023-12-24
7710,7222,59,Computer Speakers,Electronics,1,2024-03-23
372,6194,1701,Office Chair,Furniture,1,2023-12-11
2278,9578,1809,Computer Speakers,Electronics,1,2024-01-03
1165,595,1014,Toaster Oven,Home & Kitchen,1,2024-08-23
14944,4239,452,Coffee Maker,Home & Kitchen,1,2024-01-06
5570,3178,1200,Keyboard Wrist Rest,Accessories,1,2024-09-27
7616,7905,670,Wireless Mouse,Electronics,1,2024-03-27
6476,2844,1675,Bluetooth Headphones,Electronics,1,2024-09-29
4868,1945,940,USB-C Hub,Electronics,1,2024-03-03
5371,4017,438,Wireless Charger,Electronics,1,2024-05-04
8912,8593,763,Phone Grip,Accessories,1,2024-10-29
2895,3150,1066,Mechanical Keyboard,Electronics,1,2024-05-01
10765,5282,898,File Cabinet,Furniture,1,2023-11-17
9928,4815,913,Phone Grip,Accessories,1,2023-12-10
11338,3050,203,Document Scanner,Electronics,1,2024-07-12
12253,3349,1025,Bluetooth Headphones,Electronics,1,2024-08-16
13643,928,503,Document Scanner,Electronics,1,2024-06-13
2548,4859,507,Bath Towels,Home & Kitchen,1,2023-12-27
10738,653,1123,Bookshelf,Furniture,1,2024-03-08
187,1496,890,USB-C Hub,Electronics,1,2024-05-31
1455,4490,615,Laptop Stand,Accessories,1,2023-11-22
13405,3541,1244,Screen Protector,Accessories,1,2023-11-19
13245,6502,217,Food Processor,Home & Kitchen,1,2024-09-16
3166,3232,764,Toaster Oven,Home & Kitchen,1,2023-12-11
12450,2169,1183,WiFi Router,Electronics,1,2024-05-22
3830,2531,635,Smartphone Case,Accessories,1,2024-02-16
9190,9674,86,Standing Desk,Furniture,1,2024-04-25
2688,5733,1810,Gaming Keyboard,Electronics,1,2024-10-31
5609,6744,1258,External SSD,Electronics,1,2024-09-22
14646,5788,228,Cable Organizer,Accessories,1,2024-05-22
4730,8123,1176,Noise Cancelling Headset,Electronics,1,2023-12-28
14568,2171,876,Noise Cancelling Headset,Electronics,1,2024-01-17
5428,2373,281,Wall Clock,Home & Kitchen,1,2024-05-14
11189,3452,246,4K Monitor,Electronics,1,2024-03-14
2745,2759,1708,External SSD,Electronics,1,2024-05-30
13300,2254,826,Noise Cancelling Headset,Electronics,1,2023-11-05
6087,9737,1442,Electric Kettle,Home & Kitchen,1,2023-11-10
794,308,514,Toaster Oven,Home & Kitchen,1,2023-11-30
14969,8611,888,Wireless Charger,Electronics,1,2023-12-23
8790,9970,594,Screen Protector,Accessories,1,2024-02-14
9296,8920,1386,Standing Desk,Furniture,1,2023-11-23
14849,8301,813,Phone Grip,Accessories,1,2024-05-15
7678,7549,896,4K Monitor,Electronics,1,2024-04-23
6920,3115,14,Toaster Oven,Home & Kitchen,1,2024-08-12
4399,9368,1326,Noise Cancelling Headset,Electronics,1,2023-11-19
8113,6372,1232,Storage Shelf,Furniture,1,2024-04-05
2132,3028,745,Desk Lamp,Home & Kitchen,1,2024-07-08
7231,8412,602,Coffee Maker,Home & Kitchen,1,2024-04-11
7968,205,328,Cable Organizer,Accessories,1,2024-07-17
9269,3517,1134,Air Purifier,Home & Kitchen,1,2024-01-06
863,2818,502,Coffee Maker,Home & Kitchen,1,2024-04-04
6974,3141,789,Wireless Presenter,Electronics,1,2024-07-07
11394,3088,1864,Toaster Oven,Home & Kitchen,1,2024-10-17
6721,6588,353,Document Scanner,Electronics,1,2023-12-04
3033,4703,807,Bath Towels,Home & Kitchen,1,2024-10-15
9544,1302,1378,Cable Organizer,Accessories,1,2024-08-13
389,6502,223,Bookshelf,Furniture,1,2024-10-07
36,402,358,External SSD,Electronics,1,2024-03-24
10631,4744,1382,Storage Shelf,Furniture,1,2024-03-04
11808,2931,85,Smartphone Case,Accessories,1,2024-03-30
8194,2904,1549,Webcam HD,Electronics,1,2024-05-09
6919,6369,680,Kitchen Blender,Home & Kitchen,1,2024-10-13
10633,1674,1216,Mechanical Keyboard,Electronics,1,2024-10-22
4811,6736,1585,Smartphone Case,Accessories,1,2024-02-29
663,782,1433,WiFi Router,Electronics,1,2024-10-09
10008,8822,481,Wall Clock,Home & Kitchen,1,2024-10-27
7502,999,1799,Webcam HD,Electronics,1,2024-10-25
11640,6036,1724,Portable Charger,Accessories,1,2023-12-01
11032,2294,1150,Keyboard Wrist Rest,Accessories,1,2024-10-22
13667,7296,1978,Cable Organizer,Accessories,1,2023-12-10
693,8468,1707,Bath Towels,Home & Kitchen,1,2024-06-15
359,546,313,Phone Grip,Accessories,1,2024-04-17
11412,4826,797,Water Bottle,Home & Kitchen,1,2024-03-24
1379,9507,267,Food Processor,Home & Kitchen,1,2024-04-11
558,4971,1214,Toaster Oven,Home & Kitchen,1,2024-10-10
7836,336,1482,Storage Shelf,Furniture,1,2024-09-01
2251,8729,37,Throw Pillows,Home & Kitchen,1,2024-05-22
3554,8299,729,Storage Containers,Home & Kitchen,1,2024-09-22
8451,9580,1303,Document Scanner,Electronics,1,2024-10-26
6501,2881,609,Computer Speakers,Electronics,1,2024-07-11
14790,1541,1698,File Cabinet,Furniture,1,2024-06-17
13517,7703,1817,Food Processor,Home & Kitchen,1,2024-07-11
4341,8883,157,Bath Towels,Home & Kitchen,1,2023-11-17
11969,8549,1896,4K Monitor,Electronics,1,2024-06-10
132,4460,9,Computer Speakers,Electronics,1,2024-09-27
7962,7773,1281,Wall Clock,Home & Kitchen,1,2024-02-16
11106,8441,4,Desk Mat,Accessories,1,2024-03-11
2405,5319,478,Cable Organizer,Accessories,1,2024-02-20
15000,9490,713,Phone Grip,Accessories,1,2024-01-08
9944,4,1328,Cable Organizer,Accessories,1,2024-06-02
8332,9308,583,WiFi Router,Electronics,1,2024-09-12
5367,5585,1939,Wireless Presenter,Electronics,1,2024-07-23
10717,2862,539,Wireless Presenter,Electronics,1,2024-10-13
8852,3862,1283,WiFi Router,Electronics,1,2024-09-24
9407,9672,1019,Laptop Sleeve,Accessories,1,2024-09-16
9175,2172,1539,Wireless Presenter,Electronics,1,2024-08-22
10242,5587,1169,Laptop Sleeve,Accessories,1,2024-07-04
4407,9230,324,Portable Charger,Accessories,1,2024-03-28
4604,7209,108,External SSD,Electronics,1,2024-07-02
4871,9522,1863,Phone Grip,Accessories,1,2024-04-11
6318,2599,1699,Webcam HD,Electronics,1,2024-02-04
12547,1700,1581,Wall Clock,Home & Kitchen,1,2023-12-15
11523,7246,659,Computer Speakers,Electronics,1,2024-04-07
8180,4182,328,Cable Organizer,Accessories,1,2024-08-25
10877,3175,1273,Bookshelf,Furniture,1,2024-10-26
846,2857,1296,4K Monitor,Electronics,1,2024-04-14
787,5349,1025,Bluetooth Headphones,Electronics,1,2024-02-25
13939,8737,1048,File Cabinet,Furniture,1,2024-06-09
4022,5693,51,Office Chair,Furniture,1,2024-02-15
14299,5955,1810,Gaming Keyboard,Electronics,1,2024-07-11
11714,6267,1274,Portable Charger,Accessories,1,2023-12-10
4607,3446,1153,Document Scanner,Electronics,1,2023-12-08
6697,1585,1313,Phone Grip,Accessories,1,2024-06-10
2678,5540,1562,Rice Cooker,Home & Kitchen,1,2024-07-06
1536,6214,52,Coffee Maker,Home & Kitchen,1,2023-12-05
3089,9360,974,Portable Charger,Accessories,1,2024-04-18
13604,8480,1898,File Cabinet,Furniture,1,2024-04-22
11887,9342,1587,Throw Pillows,Home & Kitchen,1,2024-08-29
11910,3877,577,Smart Watch,Electronics,1,2024-04-30
4817,6836,117,Food Processor,Home & Kitchen,1,2024-03-10
7082,5714,1785,Smartphone Case,Accessories,1,2024-07-08
2961,2058,1740,USB-C Hub,Electronics,1,2024-02-10
11193,1,1822,Microphone,Electronics,1,2024-05-02
12090,1609,1610,Gaming Keyboard,Electronics,1,2024-05-16
3874,6052,1429,Storage Containers,Home & Kitchen,1,2024-10-01
7391,455,673,Bookshelf,Furniture,1,2024-08-18
868,6168,1384,Air Purifier,Home & Kitchen,1,2024-01-06
2898,7313,1252,Coffee Maker,Home & Kitchen,1,2024-02-05
10266,5340,1264,Toaster Oven,Home & Kitchen,1,2024-06-03
12870,8658,255,Tablet Stand,Accessories,1,2024-09-15
7863,5337,275,Bluetooth Headphones,Electronics,1,2024-05-08
2231,6041,920,Wireless Mouse,Electronics,1,2024-05-02
12191,8397,593,Desk Organizer,Accessories,1,2024-06-15
7437,9181,669,Laptop Sleeve,Accessories,1,2024-03-04
11964,9449,1957,Bath Towels,Home & Kitchen,1,2024-06-29
2703,6159,1833,WiFi Router,Electronics,1,2024-05-06
4748,1669,1614,Toaster Oven,Home & Kitchen,1,2024-07-07
630,9650,258,External SSD,Electronics,1,2024-08-23
2305,5700,684,Air Purifier,Home & Kitchen,1,2024-05-23
4529,8735,1397,Water Bottle,Home & Kitchen,1,2024-07-10
14050,4845,636,Standing Desk,Furniture,1,2024-10-27
11139,6296,1107,Bath Towels,Home & Kitchen,1,2023-12-23
9851,867,1658,External SSD,Electronics,1,2024-06-29
10525,1284,522,Microphone,Electronics,1,2024-09-14
3634,5156,160,Gaming Keyboard,Electronics,1,2024-01-16
629,8514,879,Storage Containers,Home & Kitchen,1,2024-08-26
13213,2519,156,Drawer Unit,Furniture,1,2024-02-22
5902,8854,1653,Document Scanner,Electronics,1,2024-06-15
6575,8329,460,Gaming Keyboard,Electronics,1,2024-06-26
7841,9661,813,Phone Grip,Accessories,1,2024-02-10
11576,9082,606,Drawer Unit,Furniture,1,2024-04-05
14307,9289,1556,Drawer Unit,Furniture,1,2024-08-20
3072,1298,190,USB-C Hub,Electronics,1,2023-12-05
10133,6901,1124,Portable Charger,Accessories,1,2024-08-17
2610,9171,794,Screen Protector,Accessories,1,2024-01-31
14474,5838,671,Power Strip,Electronics,1,2024-08-12
1271,9107,1105,Tablet Stand,Accessories,1,2024-04-09
6849,3314,1918,Monitor Stand,Furniture,1,2024-03-28
3791,352,286,Standing Desk,Furniture,1,2024-10-24
